title,judge,makes,difficulty,hands_on_time,baking_time,ingredients,recipe_image,judge_image
Rahul’s Spiced Apple & Plum Nut Crumble with Orange & Ginger Ice Cream,Rahul,8,Needs skill,"2 hrs, plus freezing",35 mins,"[<h5>For the ice cream:</h5>, <p>340ml whole milk</p>, <p>2 tsp vanilla extract</p>, <p>Finely grated zest of 1 large unwaxed orange</p>, <p>7–8 cardamom pods, lightly crushed</p>, <p>4 large egg yolks </p>, <p>1 tsp cornflour</p>, <p>60g dark muscovado sugar</p>, <p>4 knobs of stem ginger, finely chopped </p>]",https://thegreatbritishbakeoff.co.uk/wp-content/uploads/2020/12/201014_045B_SpicedAppleCrumble-1024x450.jpg,https://thegreatbritishbakeoff.co.uk/wp-content/uploads/2018/08/New-Project-10-100x100.jpg
Nancy’s Caribbean Crumble with Lime-crusted Coconut Ice Cream,Nancy,6,Easy,1 hr,30 mins,"[<h5>For the coconut ice cream:</h5>, <p>2 large egg yolks</p>, <p>50g caster sugar</p>, <p>400ml full-fat coconut milk, chilled</p>, <p>4 tbsp coconut milk powder</p>, <p>3 tbsp coconut liqueur</p>]",https://thegreatbritishbakeoff.co.uk/wp-content/uploads/2020/12/201014_043B_CaribbeanCrumble-1024x450.jpg,https://thegreatbritishbakeoff.co.uk/wp-content/uploads/2014/07/NANCY-320-100x100.jpg
"Rosie’s Date, Cranberry & Mace Panettones",Rosie,6,Needs skill,2 hrs,45 mins,"[<h5>For the panettone dough:</h5>, <p>410g extra-strong Canadian bread flour</p>, <p>185ml whole milk </p>, <p>7g fast-action dried yeast </p>, <p>2 large eggs, plus 1 beaten egg to glaze</p>, <p>1 egg yolk</p>, <p>1 tsp vanilla paste</p>, <p>½ tsp salt</p>, <p>1 tsp ground mace </p>, <p>½ tsp mixed spice </p>, <p>Finely grated zest of 2 large unwaxed oranges</p>, <p>Finely grated zest of 1 unwaxed lemon</p>, <p>125g golden caster sugar</p>, <p>20g dark agave nectar </p>, <p>95g unsalted butter, cubed</p>, <p>1 tbsp cider brandy</p>, <p>35g pitted dates, chopped</p>, <p>55g mixed chopped peel</p>, <p>40g dried cranberries </p>]",https://thegreatbritishbakeoff.co.uk/wp-content/uploads/2020/12/201104_052B_GingerbreadPannetone-1024x450.jpg,https://thegreatbritishbakeoff.co.uk/wp-content/uploads/2019/08/GBBO-Bakers-S10-Rosie-1080-100x100.jpg
"Ruby’s Boozy Chai, Cherry & Chocolate Panettones",Ruby,16-18,Needs skill,"1 hr, plus rising",25 mins,"[<h5>For the soaked fruits:</h5>, <p>200ml almond liqueur</p>, <p>100g mixed peel </p>, <p>150g dried cherries</p>, <p>100g sultanas </p>]",https://thegreatbritishbakeoff.co.uk/wp-content/uploads/2020/12/201014_044B_Panatone-1024x450.jpg,https://thegreatbritishbakeoff.co.uk/wp-content/uploads/2018/08/New-Project-100x100.jpg
Dave’s Caramel Latte Custard Slices,Dave,8,Needs skill,1 hr 30 mins,35 mins,"[<h5>For the rough puff pastry:</h5>, <p>280g plain flour, sifted, plus extra for dusting</p>, <p>1 tsp fine sea salt</p>, <p>250g unsalted butter, cubed and well chilled</p>, <p>100ml ice-cold water, plus extra if needed</p>, <p>40g flaked almonds</p>, <p>25g icing sugar</p>]",https://thegreatbritishbakeoff.co.uk/wp-content/uploads/2020/11/201012_037_CaramellatteSlice-1024x450.jpg,https://thegreatbritishbakeoff.co.uk/wp-content/uploads/2020/09/Dave-100x100.jpg
Peter’s Strawberry & Elderflower Babas,Peter,24,Needs skill,"1 hr, plus rising",20 mins,"[<h5>For the savarin dough:</h5>, <p>270g strong white bread flour</p>, <p>1 tsp salt</p>, <p>7g fast-action dried yeast</p>, <p>40g caster sugar</p>, <p>85ml whole milk</p>, <p>4 eggs</p>, <p>95g unsalted butter, well softened</p>]",https://thegreatbritishbakeoff.co.uk/wp-content/uploads/2020/11/201012_039_StrawberryElderflowerBabas-1024x450.jpg,https://thegreatbritishbakeoff.co.uk/wp-content/uploads/2020/09/Peter-100x100.jpg
"Laura’s Poached Pineapple, Kiwi & Passion Fruit Rum Babas",Laura,12,Needs skill,"1 hr 30 mins, plus rising",20 mins,"[<h5>For the savarin dough:</h5>, <p>120ml whole milk</p>, <p>300g plain flour or strong white bread flour</p>, <p>10g caster sugar</p>, <p>½ tsp salt</p>, <p>15g fresh yeast </p>, <p>2 large eggs, lightly beaten </p>, <p>80g unsalted butter, softened and diced, plus extra for greasing</p>]",https://thegreatbritishbakeoff.co.uk/wp-content/uploads/2020/11/201010_033_ExoticRumAuBaba-1024x450.jpg,https://thegreatbritishbakeoff.co.uk/wp-content/uploads/2020/09/Laura-100x100.jpg
Laura’s Vanilla Cheesecakes with Passionfruit Curd,Laura,6,Needs skill,"45 mins, plus 30 mins freezing",35 mins,"[<h5>For the biscuit base:</h5>, <p>45g plain flour</p>, <p>Pinch of salt</p>, <p>45g porridge oats</p>, <p>45g caster sugar</p>, <p>75g unsalted butter </p>, <p>50g runny honey</p>]",https://thegreatbritishbakeoff.co.uk/wp-content/uploads/2020/11/201010_032_VanillaCheesecakePassionFruit-1024x450.jpg,https://thegreatbritishbakeoff.co.uk/wp-content/uploads/2020/09/Laura-100x100.jpg
Dave’s ‘Celebration of Citrus’ Cheesecakes,Dave,6,Easy,1 hr 45 mins,1 hr 30 mins,"[<h5>For the base:</h5>, <p>85g plain flour </p>, <p>25g ground almonds</p>, <p>50g unsalted butter, chilled</p>, <p>20g dark brown soft sugar </p>, <p>Pinch of salt </p>, <p>Finely grated zest of ½ unwaxed orange</p>, <p>1 tsp orange juice</p>, <p>¼ tsp orange extract </p>]",https://thegreatbritishbakeoff.co.uk/wp-content/uploads/2020/11/201010_034_CitrusMeringueCheesecake-1024x450.jpg,https://thegreatbritishbakeoff.co.uk/wp-content/uploads/2020/09/Dave-100x100.jpg
"Hermine’s Salmon & Leek, and Spinach & Mushroom Quiches",Hermine,8,Needs skill,1 hr 45 mins,45 mins,"[<h5>For the shortcrust pastry:</h5>, <p>500g plain flour, plus extra for dusting</p>, <p>½ tsp salt </p>, <p>200g unsalted butter, cubed and chilled </p>, <p>100g vegetable shortening, cubed and chilled</p>, <p>2 large eggs, beaten </p>]",https://thegreatbritishbakeoff.co.uk/wp-content/uploads/2020/11/201009_028_SalmonMushrromQuiches-1024x450.jpg,https://thegreatbritishbakeoff.co.uk/wp-content/uploads/2020/09/Hermine-100x100.jpg
Lottie’s Cheeseburger Steamed Buns,Lottie,8,Needs skill,1 hr 45 mins,45 mins,"[<h5>For the dough:</h5>, <p>300g plain flour, plus extra for dusting</p>, <p>20g caster sugar </p>, <p>1 tsp instant dried yeast </p>, <p>1 tsp baking powder</p>, <p>1 tbsp vegetable oil</p>, <p>1 tsp fine salt</p>, <p>170ml lukewarm water</p>, <p>Green and red food-colouring gels </p>, <p>1 tbsp whole milk, for brushing</p>, <p>2 tbsp black and white sesame seeds, to decorate</p>]",https://thegreatbritishbakeoff.co.uk/wp-content/uploads/2020/10/201008_023_BurgerBaoBuns-1024x450.jpg,https://thegreatbritishbakeoff.co.uk/wp-content/uploads/2020/09/Lottie1-100x100.jpg
Dave’s Chicken Shaped Katsu Curry Buns,Dave,8,Needs skill,1 hr 45 mins,45 mins,"[<h5>For the bun dough:</h5>, <p>315g plain flour</p>, <p>23g caster sugar</p>, <p>½ tsp sea salt</p>, <p>¾ tsp baking powder</p>, <p>¾ tsp instant dried yeast </p>, <p>¾ tbsp vegetable oil </p>, <p>160–185ml lukewarm water </p>, <p>1½ tsp ground turmeric </p>, <p>Red, orange and black food-colouring gels </p>]",https://thegreatbritishbakeoff.co.uk/wp-content/uploads/2020/10/201008_024_ChickenKatsuBaoBuns-1024x450.jpg,https://thegreatbritishbakeoff.co.uk/wp-content/uploads/2020/09/Dave-100x100.jpg
Hermine’s Moroccan Tagine Pasties,Hermine,8 or 9,Easy,1 hr 30 mins,30 mins,"[<h5>For the filling:</h5>, <p>5 large garlic cloves, sliced</p>, <p>1 tsp ground ginger</p>, <p>1 tsp salt</p>, <p>½ tsp cayenne pepper</p>, <p>2 tsp paprika</p>, <p>½ tsp ground cinnamon</p>, <p>1 preserved lemon, roughly chopped</p>, <p>½ tsp ground turmeric</p>, <p>1 tbsp ground allspice</p>, <p>½ tsp ground cumin</p>, <p>¼ tsp ground cloves </p>, <p>3 tbsp olive oil</p>, <p>500g lean lamb, cut into 1cm cubes</p>, <p>1 tbsp cornflour</p>, <p>3 onions, finely chopped</p>, <p>1 large red pepper, deseeded and diced</p>, <p>150g drained chickpeas from a tin</p>, <p>50g raisins </p>, <p>1 tbsp chopped coriander </p>, <p>1 tbsp chopped parsley</p>, <p>1 lamb stock cube</p>, <p>1 tsp freshly ground black pepper</p>, <p>2 tsp clear honey</p>]",https://thegreatbritishbakeoff.co.uk/wp-content/uploads/2020/10/201008_021_MorrocanTaginePasties-1024x450.jpg,https://thegreatbritishbakeoff.co.uk/wp-content/uploads/2020/09/Hermine-100x100.jpg
"Laura’s Proper Tasty Leek, Potato & Pancetta Pasties",Laura,8 or 9,Needs skill,2 hrs,35 mins,"[<h5>For the flaky pastry:</h5>, <p>360g unsalted butter, plus 180g cubed and chilled</p>, <p>900g plain flour</p>, <p>3 tsp salt</p>, <p>225ml ice-cold water, plus extra if needed</p>]",https://thegreatbritishbakeoff.co.uk/wp-content/uploads/2020/10/201008_022B_LeekPotatoPasties-1024x450.jpg,https://thegreatbritishbakeoff.co.uk/wp-content/uploads/2020/09/Laura-100x100.jpg
Mark’s Aloo Gobi & Paneer Pasties,Mark,10,Needs skill,1 hr 45 mins,40 mins,"[<h5>For the pastry:</h5>, <p>750g strong white bread flour, plus extra for dusting</p>, <p>2 tsp hot chilli powder </p>, <p>2 tsp salt</p>, <p>200g lard</p>, <p>35g margarine</p>, <p>1 large egg yolk</p>, <p>245ml chilled water</p>, <p>1 egg, beaten, to seal and glaze</p>]",https://thegreatbritishbakeoff.co.uk/wp-content/uploads/2020/10/200905_018B_AlooGobiPaneerPasties-1024x450.jpg,https://thegreatbritishbakeoff.co.uk/wp-content/uploads/2020/09/Mark-100x100.jpg
Mark’s Gimme S’more Brownies,Mark,10,Easy,1 hr,35 mins,"[<h5>For the brownie mixture:</h5>, <p>140g unsalted butter </p>, <p>115g 70% dark chocolate chips </p>, <p>1 tsp espresso powder </p>, <p>150g light brown soft sugar </p>, <p>100g caster sugar</p>, <p>½ tsp vanilla extract paste</p>, <p>3 eggs </p>, <p>½ tsp salt</p>, <p>40g cocoa powder </p>, <p>60g plain flour </p>, <p>50g white chocolate chunks</p>, <p>50g milk chocolate chunks </p>]",https://thegreatbritishbakeoff.co.uk/wp-content/uploads/2020/10/200905_017B_GimmeSmore-1024x450.jpg,https://thegreatbritishbakeoff.co.uk/wp-content/uploads/2020/09/Mark-100x100.jpg
Hermine’s Smoked Salmon & Chive Soda Bread,Hermine,1 loaf,Easy,40 mins,35-40 mins,"[<h5>For the bread:</h5>, <p>200g plain flour</p>, <p>2 tbsp plain wholemeal flour </p>, <p>2 tbsp spelt flour </p>, <p>½ tsp baking powder </p>, <p>1 tsp bicarbonate of soda </p>, <p>½ tsp cream of tartar </p>, <p>2 tbsp porridge oats </p>, <p>3 tsp onion powder </p>, <p>30g salted butter, chilled </p>, <p>120g smoked salmon, very finely chopped</p>, <p>50g gruyère cheese, grated</p>, <p>15g chives, finely snipped</p>, <p>Good pinch of freshly ground black pepper </p>, <p>1 large egg </p>, <p>160ml buttermilk</p>, <p>1 tbsp runny honey </p>]",https://thegreatbritishbakeoff.co.uk/wp-content/uploads/2020/10/200904_011B_SmokedSalmonSodaBread.jpg,https://thegreatbritishbakeoff.co.uk/wp-content/uploads/2020/09/Hermine-100x100.jpg
Mark’s Stout & Chocolate Soda Bread,Mark,1 large loaf,Easy,30 mins,30-40 mins,"[<h5>For the bread:</h5>, <p>50g unsalted butter </p>, <p>50g runny honey </p>, <p>80g light muscovado sugar</p>, <p>150ml stout </p>, <p>250g plain flour </p>, <p>250g coarse brown bread flour </p>, <p>30g unsweetened cocoa powder </p>, <p>2 tsp bicarbonate of soda </p>, <p>1 tsp salt</p>, <p>150g 70% dark chocolate chunks </p>, <p>200ml buttermilk </p>]",https://thegreatbritishbakeoff.co.uk/wp-content/uploads/2020/10/200904_014B_GuinessChocolateSodaBread-1024x450.jpg,https://thegreatbritishbakeoff.co.uk/wp-content/uploads/2020/09/Mark-100x100.jpg
"Marc’s Ginger, Cherry & Pistachio Florentines",Marc,16,Needs skill,1 hr,18 mins,"[<h5>For the florentines:</h5>, <p>100g flaked almonds </p>, <p>65g pistachios, roughly chopped</p>, <p>75g unsalted butter</p>, <p>30g acacia honey</p>, <p>115g demerara sugar</p>, <p>40g plain flour</p>, <p>40ml double cream </p>, <p>Good pinch of salt</p>, <p>100g candied mixed peel, finely chopped </p>, <p>130g dried cherries</p>, <p>35g glacé ginger, finely chopped </p>]",https://thegreatbritishbakeoff.co.uk/wp-content/uploads/2020/09/200903_009_GingerCherryPistachioFlorentines.jpg,https://thegreatbritishbakeoff.co.uk/wp-content/uploads/2020/09/Marc-100x100.jpg
Lottie’s Quarantine Florentines for Nana & Papa,Lottie,18,Needs skill,1 hr,8 - 10 mins,"[<h5>For the florentines:</h5>, <p>40g pistachios </p>, <p>60g dried sour cherries </p>, <p>60g crystallised ginger</p>, <p>20g plain flour </p>, <p>30g coconut flakes</p>, <p>120g flaked almonds </p>, <p>70g salted butter</p>, <p>120g light muscovado sugar </p>, <p>Pinch of salt </p>, <p>2 tbsp double cream</p>]",https://thegreatbritishbakeoff.co.uk/wp-content/uploads/2020/09/200903_008_QuarantineFlorentines-1024x450.jpg,https://thegreatbritishbakeoff.co.uk/wp-content/uploads/2020/09/Lottie1-100x100.jpg
"Laura’s Milk Chocolate, Salted Caramel & Pecan Florentines",Laura,30,Easy,1 hr,12 mins,"[<h5>For the florentines:</h5>, <p>95g flaked almonds</p>, <p>75g pecans, finely chopped </p>, <p>55g candied mixed peel, finely chopped </p>, <p>75g flame raisins, chopped </p>, <p>20g plain flour</p>, <p>45g unsalted butter </p>, <p>75g light brown soft sugar</p>, <p>55g golden syrup</p>, <p>½ tsp fine sea salt </p>]",https://thegreatbritishbakeoff.co.uk/wp-content/uploads/2020/09/200903_010A_SaltedCaramelPecanFlorentines.jpg,https://thegreatbritishbakeoff.co.uk/wp-content/uploads/2020/09/Laura-100x100.jpg
Peter’s Gluten-free Chocolate Orange Battenberg,Peter,8,Needs skill,1 hr 45 mins,25 mins,"[<h5>For the orange sponge:</h5>, <p>1 small, thin-skinned orange or 2 mandarins<br/>
2 eggs<br/>
65g caster sugar<br/>
35ml olive oil<br/>
¼ tsp orange food-colouring gel<br/>
65g ground almonds<br/>
25g gluten-free plain flour<br/>
¾ tsp gluten-free baking powder</p>, <br/>, <br/>, <br/>, <br/>, <br/>, <br/>, <br/>]",https://thegreatbritishbakeoff.co.uk/wp-content/uploads/2020/09/GF-Chocolate-Orange-Battenberg.jpg,https://thegreatbritishbakeoff.co.uk/wp-content/uploads/2020/09/Peter-100x100.jpg
Mak’s East India Battenberg,Mak,12,Needs skill,1 hr 45 mins,20 - 25 mins,"[<h5>For the sponge:</h5>, <p>150g vegetable margarine spread<br/>
150g golden caster sugar<br/>
3 large eggs<br/>
150g self-raising flour<br/>
75g fine semolina<br/>
1 tsp baking powder<br/>
20ml whole milk<br/>
Finely grated zest of ½ unwaxed orange<br/>
¼ tsp orange food-colouring gel<br/>
½ tsp mixed spice<br/>
½ tsp ground ginger<br/>
50g drained stem ginger, finely chopped</p>, <br/>, <br/>, <br/>, <br/>, <br/>, <br/>, <br/>, <br/>, <br/>, <br/>, <br/>]",https://thegreatbritishbakeoff.co.uk/wp-content/uploads/2020/09/East-India-Battenberg-1024x450.jpg,https://thegreatbritishbakeoff.co.uk/wp-content/uploads/2020/09/Mak-100x100.jpg
Dave’s Chocolate Espresso Martini Battenberg,Dave,8-10,Needs skill,1 hr 45 mins,35 mins,"[<h5>For the sponge:</h5>, <p>180g unsalted butter<br/>
180g golden caster sugar<br/>
3 eggs, lightly beaten<br/>
150g self-raising flour<br/>
55g ground almonds<br/>
½ tsp baking powder<br/>
2 tbsp vodka<br/>
10g cocoa powder, sifted<br/>
2 tbsp coffee liqueur </p>, <br/>, <br/>, <br/>, <br/>, <br/>, <br/>, <br/>, <br/>]",https://thegreatbritishbakeoff.co.uk/wp-content/uploads/2020/09/Chocolate-Espresso-Martini-Battenberg.jpg,https://thegreatbritishbakeoff.co.uk/wp-content/uploads/2020/09/Dave-100x100.jpg
Yan’s Christmas Memories Cake Pops,Yan,20,Easy,1 hr 30 mins,15 mins,"[<h5>For the chocolate sponge:</h5>, <p>100g unsalted butter </p>, <p>100g 70% dark chocolate </p>, <p>1 tsp instant coffee powder</p>, <p>1 tsp vanilla essence</p>, <p>100g light brown soft sugar </p>, <p>2 small eggs </p>, <p>90ml soured cream</p>, <p>100g self-raising flour </p>]",https://thegreatbritishbakeoff.co.uk/wp-content/uploads/2019/12/Christmas_Past_Cake_Pops_1024-1024x450.png,https://thegreatbritishbakeoff.co.uk/wp-content/uploads/2016/08/GBBO8-Baker-Portrait-Yan-928_l-100x100.jpg
Terry’s Penguin & Snowmen Cake Pops,Terry,24,Needs skill,1 hr 30 mins,15 mins,"[<h5>For the sponge:</h5>, <p>85g salted butter, softened</p>, <p>100g caster sugar</p>, <p>2 small egg whites</p>, <p>120g plain flour</p>, <p>½ tsp baking power</p>, <p>½ tsp vanilla extract</p>, <p>pinch of ground nutmeg</p>, <p>90ml advocaat</p>, <p>30ml whole milk</p>]",https://thegreatbritishbakeoff.co.uk/wp-content/uploads/2019/12/Carousel_Cake_Pops_1024_2-1024x450.png,https://thegreatbritishbakeoff.co.uk/wp-content/uploads/2018/08/New-Project-11-100x100.jpg
Steph’s Black Forest Chocolate Cake,Steph,16,Easy,1 hr 30 mins,35 mins,"[<h5>For the sponges:</h5>, <p>200g unsalted butter</p>, <p>200g 56% dark chocolate </p>, <p>5g instant espresso powder</p>, <p>110g plain flour, sifted </p>, <p>110g self-raising flour, sifted </p>, <p>25g cocoa</p>, <p>¼ tsp bicarbonate of soda </p>, <p>200g light muscovado sugar </p>, <p>200g golden caster sugar </p>, <p>3 large eggs </p>, <p>100ml buttermilk </p>]",https://thegreatbritishbakeoff.co.uk/wp-content/uploads/2019/10/Black_Forest_Choc_Cake_1024x450_3.png,https://thegreatbritishbakeoff.co.uk/wp-content/uploads/2019/08/GBBO-Bakers-S10-Steph-1080-100x100.jpg
Rosie’s Filled Sablée Pastry Shells,Rosie,9,Challenging,"3 hrs, plus chilling",17 mins,"[<h5>For the sablée pastry:</h5>, <p>125g unsalted butter, softened</p>, <p>125g caster sugar</p>, <p>pinch of salt</p>, <p>250g plain flour, sifted</p>, <p>1 egg</p>, <p>½ tsp baking powder</p>, <p>½ tsp vanilla extract</p>]",https://thegreatbritishbakeoff.co.uk/wp-content/uploads/2019/10/Sablee_Pastry_Shells_1024x450_3.png,https://thegreatbritishbakeoff.co.uk/wp-content/uploads/2019/08/GBBO-Bakers-S10-Rosie-1080-100x100.jpg
Henry’s Tomato & New Potato Tarte Tatin with Crab Salad,Henry,4–6,Needs skill,1 hr 30 mins,1 hr 15 mins,"[<h5>For the rough puff pastry:</h5>, <p>175g very cold unsalted butter</p>, <p>250g plain flour, sifted</p>, <p>½ tsp dried basil</p>, <p>pinch of salt</p>]",https://thegreatbritishbakeoff.co.uk/wp-content/uploads/2019/10/Crab_Tomato_Tart_Tatin_1024x450_1.png,https://thegreatbritishbakeoff.co.uk/wp-content/uploads/2019/08/GBBO-Bakers-S10_Henry-1080-100x100.jpg
Henry’s Chocolate Kardemummabullar,Henry,12,Challenging,"3 hrs, plus rising and proving",15 mins,"[<h5>For the dough:</h5>, <p>35g unsalted butter, softened </p>, <p>35g extra-virgin olive oil</p>, <p>425g strong white bread flour </p>, <p>5g salt</p>, <p>2 tsp ground cardamom</p>, <p>45g runny honey </p>, <p>10g fast-action dried yeast </p>, <p>1 egg</p>, <p>187g whole milk </p>]",https://thegreatbritishbakeoff.co.uk/wp-content/uploads/2019/10/Kardemummabullar_1024x450.png,https://thegreatbritishbakeoff.co.uk/wp-content/uploads/2019/08/GBBO-Bakers-S10_Henry-1080-100x100.jpg
Steph’s Zest & Spice Hot Cross Buns,Steph,24,Easy,"45 mins, plus rising and proving",20 mins,"[<h5>For the dough:</h5>, <p>520ml whole milk </p>, <p>900g strong white bread flour, sifted</p>, <p>135g golden caster sugar </p>, <p>4 tsp ground cinnamon </p>, <p>1½ tsp mixed spice</p>, <p>2 tsp salt </p>, <p>20g fast-action dried yeast </p>, <p>2 eggs </p>, <p>100g unsalted butter, softened </p>, <p>200g sultanas</p>, <p>80g dried cranberries </p>, <p>100g mixed peel</p>, <p>finely grated zest of 2 small unwaxed oranges </p>, <p>finely grated zest of 2 unwaxed lemons </p>]",https://thegreatbritishbakeoff.co.uk/wp-content/uploads/2019/10/Hot_Cross_Buns_1024x450.png,https://thegreatbritishbakeoff.co.uk/wp-content/uploads/2019/08/GBBO-Bakers-S10-Steph-1080-100x100.jpg
"Rosie’s Salted Caramel, Chocolate & Raspberry Stack",Rosie,8–12,Needs skill,1 hr 40 mins,1 hr 30 mins,"[<h5>For the salted caramel sauce:</h5>, <p>50g caster sugar</p>, <p>1 teaspoon lemon juice </p>, <p>15g unsalted butter</p>, <p>3 tbsp double cream</p>, <p>1 teaspoon fine sea salt</p>]",https://thegreatbritishbakeoff.co.uk/wp-content/uploads/2019/10/Still-1024x450.png,https://thegreatbritishbakeoff.co.uk/wp-content/uploads/2019/08/GBBO-Bakers-S10-Rosie-1080-100x100.jpg
David’s Fancy Custards,David,6,Needs skill,1 hr 45 mins,50 mins,"[<h5>For the pastry:</h5>, <p>325g plain flour </p>, <p>pinch of salt</p>, <p>100g icing sugar, sifted</p>, <p>180g cold unsalted butter, diced </p>, <p>1 egg yolk</p>, <p>1 tsp cornflour</p>]",https://thegreatbritishbakeoff.co.uk/wp-content/uploads/2019/09/david-fancy-tarts-forweb-S10E04.jpg,https://thegreatbritishbakeoff.co.uk/wp-content/uploads/2019/08/GBBO-Bakers-S10-David-1080-100x100.jpg
"Michael’s Mango, Lime & Ginger Tarts",Michael,6,Challenging,"1 hr 45 mins, plus chilling",50 mins,"[<h5>For the pastry cases:</h5>, <p>150g plain flour, sifted</p>, <p>2½ tsp ground ginger</p>, <p>pinch of salt</p>, <p>75g cold unsalted butter, diced</p>, <p>50g icing sugar, sifted </p>, <p>1 large egg yolk</p>, <p>1 egg white, beaten</p>]",https://thegreatbritishbakeoff.co.uk/wp-content/uploads/2019/09/Mango-Lime-Tarts-1024x450.png,https://thegreatbritishbakeoff.co.uk/wp-content/uploads/2019/08/GBBO-Bakers-S10-Michael-1080-100x100.jpg
Steph’s Raspberry & Chocolate Fudge Cake,Steph,12,Easy,1 hr,1 hr 15 mins,"[<h5>For the sponge:</h5>, <p>200g unsalted butter </p>, <p>200g 56% dark chocolate, roughly chopped</p>, <p>5g instant espresso coffee dissolved in 100ml hot water </p>, <p>110g plain flour </p>, <p>110g self-raising flour </p>, <p>25g cocoa </p>, <p>¼ tsp bicarbonate of soda </p>, <p>200g light muscovado sugar </p>, <p>200g golden caster sugar </p>, <p>3 large eggs</p>, <p>100ml buttermilk </p>, <p>180g fresh or frozen raspberries </p>]",https://thegreatbritishbakeoff.co.uk/wp-content/uploads/2019/09/Raspberry-and-Chocolate-Fudge-Cake-1024x450-2.png,https://thegreatbritishbakeoff.co.uk/wp-content/uploads/2019/08/GBBO-Bakers-S10-Steph-1080-100x100.jpg
Rosie’s Limoncello & Basil Cake,Rosie,12,Easy,45 mins,1 hr,"[<h5>For the sponge:</h5>, <p>250g unsalted butter, softened</p>, <p>360g caster sugar</p>, <p>4 large eggs, beaten</p>, <p>360g self-raising flour, sifted</p>, <p>1½ tsp baking powder</p>, <p>30 basil leaves, very finely chopped </p>, <p>4 tbsp limoncello </p>, <p>1 tsp lemon extract </p>, <p>finely grated zest of 4 unwaxed lemons</p>, <p>pinch of salt </p>, <p>200ml soured cream</p>, <p>100ml buttermilk</p>, <p>dried rose petals, to decorate</p>]",https://thegreatbritishbakeoff.co.uk/wp-content/uploads/2019/09/Limoncello-and-Basil-Cake-1024x450-3.png,https://thegreatbritishbakeoff.co.uk/wp-content/uploads/2019/08/GBBO-Bakers-S10-Rosie-1080-100x100.jpg
Priya’s Banana & Chocolate Cake,Priya,12,Easy,35 mins,1 hr,"[<h5>For the sponge:</h5>, <p>200g unsalted butter, softened</p>, <p>225g light brown soft sugar</p>, <p>2 large eggs, beaten</p>, <p>3 large ripe bananas (about 380g peeled weight), well mashed</p>, <p>1 tsp vanilla extract </p>, <p>150g set natural yogurt </p>, <p>250g plain flour, sifted</p>, <p>1 tsp bicarbonate soda</p>, <p>2 tbsp cocoa powder</p>, <p>2 tbsp whole milk </p>, <p>100g dark chocolate chips </p>]",https://thegreatbritishbakeoff.co.uk/wp-content/uploads/2019/09/Banana-and-Chocolate-Cake-1024x450-3.png,https://thegreatbritishbakeoff.co.uk/wp-content/uploads/2019/08/GBBO-Bakers-S10-Priya-1080-100x100.jpg
Henry’s Apple & Cinnamon Streusel Cake,Henry,16,Easy,50 mins,2 hrs,"[<h5>For the sponge:</h5>, <p>4 jazz apples, peeled, cored and cut into 5mm dice</p>, <p>1 tbsp lemon juice </p>, <p>380g self-raising flour</p>, <p>½ tsp baking powder</p>, <p>4 tsp ground cinnamon</p>, <p>1 tsp ground nutmeg</p>, <p>1 tsp ground ginger</p>, <p>½ tsp ground cloves</p>, <p>100g golden caster sugar</p>, <p>125g light muscovado sugar</p>, <p>125g dark muscovado sugar</p>, <p>1 tbsp vanilla paste</p>, <p>3 eggs</p>, <p>280ml vegetable oil </p>, <p>140g set natural yogurt</p>, <p>200g pecans, roughly chopped</p>]",https://thegreatbritishbakeoff.co.uk/wp-content/uploads/2019/09/Apple-and-Cinnamon-Streusel-1024x450-3.png,https://thegreatbritishbakeoff.co.uk/wp-content/uploads/2019/08/GBBO-Bakers-S10_Henry-1080-100x100.jpg
David’s Cinnamon Swirls,David,8,Needs skill,"1 hr 15 mins, plus rising and proving",20 mins,"[<h5>For the dough:</h5>, <p>15g instant yeast</p>, <p>500g strong white bread flour</p>, <p>30g light brown soft sugar</p>, <p>1 tsp salt</p>, <p>80g finely grated carrot </p>, <p>1 tsp ground cardamom </p>, <p>finely grated zest of 2 unwaxed lemons</p>, <p>40g unsalted butter, softened</p>]",https://thegreatbritishbakeoff.co.uk/wp-content/uploads/2019/09/Cinnamon-Swirls-1024x450-1.png,https://thegreatbritishbakeoff.co.uk/wp-content/uploads/2019/08/GBBO-Bakers-S10-David-1080-100x100.jpg
Michael’s Keralan Star Bread,Michael,8,Challenging,"1 hr, plus rising and proving","25 mins, plus 35 mins for the chutney","[<h5>For the dough:</h5>, <p>500g very strong white bread flour</p>, <p>10g fast-action dried yeast </p>, <p>10g salt</p>, <p>2 tsp ground paprika</p>, <p>2 tsp ground coriander</p>, <p>1 tsp hot chilli powder </p>, <p>1 tsp crushed chilli flakes </p>, <p>30ml extra-virgin coconut oil </p>, <p>red food-colouring gel or paste</p>, <p>1 egg, beaten with a pinch of salt</p>, <p>3 tsp nigella seeds</p>, <p>handful of coriander leaves, chopped</p>]",https://thegreatbritishbakeoff.co.uk/wp-content/uploads/2019/09/Keralan-Star-Bread-1024x450-4.png,https://thegreatbritishbakeoff.co.uk/wp-content/uploads/2019/08/GBBO-Bakers-S10-Michael-1080-100x100.jpg
"Phil’s Pancetta, Gruyère & Padano Focaccia",Phil,20,Needs skill,"45 mins, plus rising and proving",1 hr,"[<p>2 large garlic cloves, peeled </p>, <p>500g strong white bread flour</p>, <p>10g salt</p>, <p>10g fast-action dried yeast</p>, <p>10g chives, finely chopped</p>, <p>10g parsley, finely chopped </p>, <p>10g rosemary needles, plus extra sprigs to garnish</p>, <p>40ml olive oil, plus extra for frying and drizzling </p>, <p>150g diced smoked pancetta</p>, <p>150g Gruyère cheese, cut into 1cm dice </p>, <p>100g Grana Padano cheese, cut into thin slices</p>, <p>rock salt, for sprinkling</p>, <p>2–3 tbsp lemon-infused olive oil, to serve </p>]",https://thegreatbritishbakeoff.co.uk/wp-content/uploads/2019/09/Panchetta-Gruyere-Focaccia-1024x450-4.png,https://thegreatbritishbakeoff.co.uk/wp-content/uploads/2019/08/GBBO-Bakers-S10-Phil-1080-100x100.jpg
Priya’s Smoky Jalapeño Bread,Priya,8,Challenging,"1 hr, plus rising and proving",20 mins,"[<h5>For the smoky seasoning:</h5>, <p>1 tbsp smoked paprika</p>, <p>1 tbsp + 1 tsp tomato powder</p>, <p>1 tsp onion granules</p>, <p>1 tsp garlic granules </p>, <p>¼ tsp dried oregano</p>, <p>1 tsp dried chives</p>, <p>¼ tsp cayenne pepper</p>, <p>¼ tsp caster sugar </p>]",https://thegreatbritishbakeoff.co.uk/wp-content/uploads/2019/09/Smokey-Jalapeno-Bread-1024x450-3.png,https://thegreatbritishbakeoff.co.uk/wp-content/uploads/2019/08/GBBO-Bakers-S10-Priya-1080-100x100.jpg
Helena’s Wicked Witch Fingers,Helena,48,Needs skill,45 mins,15 mins,"[<h5>For the biscuits:</h5>, <p>170g salted butter, softened</p>, <p>100g icing sugar, sifted</p>, <p>2 egg yolks</p>, <p>240g plain flour, sifted</p>, <p>2½ tbsp matcha powder</p>, <p>48 whole, shelled almonds (not blanched)</p>]",https://thegreatbritishbakeoff.co.uk/wp-content/uploads/2019/09/Witches-Fingers-1024x450-2.png,https://thegreatbritishbakeoff.co.uk/wp-content/uploads/2019/08/GBBO-Bakers-S10-Helena-1080-100x100.jpg
Rosie’s Virgin Mojito Biscuit Bars,Rosie,12,Challenging,2 hrs 30 mins,12 mins,"[<h5>For the shortbread:</h5>, <p>200g unsalted butter</p>, <p>100g caster sugar</p>, <p>300g plain flour, sifted</p>, <p>pinch of fine sea salt</p>, <p>finely grated zest of 4 unwaxed limes</p>, <p>2–3 tbsp lime juice</p>]",https://thegreatbritishbakeoff.co.uk/wp-content/uploads/2019/09/Mojito-Biscuit-Bars-1024x450.png,https://thegreatbritishbakeoff.co.uk/wp-content/uploads/2019/08/GBBO-Bakers-S10-Rosie-1080-100x100.jpg
Michael’s Lemon & Rosemary Biscuit Bars,Michael,12,Challenging,2 hrs,15 mins,"[<h5>For the shortbread:</h5>, <p>2 tsp chopped rosemary needles</p>, <p>60g caster sugar</p>, <p>finely grated zest of 1 unwaxed lemon</p>, <p>60g plain flour</p>, <p>60g self-raising flour</p>, <p>115g unsalted butter</p>, <p>50g cornflour</p>]",https://thegreatbritishbakeoff.co.uk/wp-content/uploads/2019/09/Lemon-Rosemary-Biscuits-1024x450.png,https://thegreatbritishbakeoff.co.uk/wp-content/uploads/2019/08/GBBO-Bakers-S10-Michael-1080-100x100.jpg
"Henry’s Coffee, Cardamom & Hazelnut Bars",Henry,12,Challenging,2 hrs 30 mins,15 mins,"[<h5>For the shells:</h5>, <p>450g 70% dark chocolate, broken into pieces</p>]",https://thegreatbritishbakeoff.co.uk/wp-content/uploads/2019/09/Coffee-Cardamon-Bars-1024x450.png,https://thegreatbritishbakeoff.co.uk/wp-content/uploads/2019/08/GBBO-Bakers-S10_Henry-1080-100x100.jpg
Michelle’s Bakewell Bars,Michelle,12,Challenging,2 hrs 30 mins,12 mins,"[<h5>For the shells:</h5>, <p>450g white chocolate, broken into pieces</p>, <p>pink food-colouring gel</p>, <p>35g flaked almonds</p>]",https://thegreatbritishbakeoff.co.uk/wp-content/uploads/2019/09/Bakewell-Bars-1024x450-2.png,https://thegreatbritishbakeoff.co.uk/wp-content/uploads/2019/08/GBBO-Bakers-S10-Michelle-1080-100x100.jpg
Phil’s Spiced Fruit Cake with Rum Glaze,Phil,16,Easy,1 hr,1 hr 10 mins,"[<h5>For the marzipan:</h5>, <p>75g golden caster sugar</p>, <p>2 tbsp honey</p>, <p>200g ground almonds</p>, <p>130g icing sugar, sifted</p>, <p>1 tsp almond extract</p>]",https://thegreatbritishbakeoff.co.uk/wp-content/uploads/2019/08/Spice-Fruit-Cake-Rum-Glaze-1024x450-3-1024x450.png,https://thegreatbritishbakeoff.co.uk/wp-content/uploads/2019/08/GBBO-Bakers-S10-Phil-1080-100x100.jpg
Amelia’s Naked Christmas Cake,Amelia,16,Easy,50 mins,1 hr 15 mins,"[<h5>For the sponge:</h5>, <p>540g dried mixed fruit</p>, <p>85g dried apricots, diced</p>, <p>130g glacé cherries</p>, <p>90ml orange brandy or liqueur, plus an extra 3 tbsp for pouring</p>, <p>215g unsalted butter</p>, <p>110g icing sugar, sifted</p>, <p>110g light muscovado sugar</p>, <p>5 eggs, beaten</p>, <p>215g plain flour, sifted</p>, <p>110g ground almonds</p>, <p>finely grated zest of 1 unwaxed orange</p>]",https://thegreatbritishbakeoff.co.uk/wp-content/uploads/2019/08/Naked-Xmas-Cake-1024x450-2-1024x450.png,https://thegreatbritishbakeoff.co.uk/wp-content/uploads/2019/08/GBBO-Bakers-S10-Amelia-1080-100x100.jpg
Jamie’s Easter Simnel Cake,Jamie,11,Easy,1 hr 30 minutes,1 hr,"[<h5>For the marzipan:</h5>, <p>1 egg</p>, <p>250g icing sugar</p>, <p>½ tsp almond extract</p>, <p>yellow food-colouring paste</p>, <p>125g ground almonds</p>]",https://thegreatbritishbakeoff.co.uk/wp-content/uploads/2019/08/Easter-Simnel-Cake-1024x450-2-1024x450.png,https://thegreatbritishbakeoff.co.uk/wp-content/uploads/2019/08/GBBO-Bakers-S10-Jamie-1080-100x100.jpg
Candice’s Two-tier Stollen Wreath,Candice,12–16,Needs skill,"90 mins, plus proving",45 mins,"[<h5>For the dough:</h5>, <p>100g soft dried dates</p>, <p>75g dried apple slices</p>, <p>500g strong white bread flour, plus extra for dusting</p>, <p>1 tsp salt</p>, <p>10g fast-action dried yeast</p>, <p>2 tsp golden caster sugar</p>, <p>1 tsp ground cinnamon</p>, <p>1 tsp ground ginger</p>, <p>3cm piece of ginger root, peeled and grated</p>, <p>275ml whole milk</p>, <p>100g unsalted butter</p>, <p>1 large egg, beaten</p>]",https://thegreatbritishbakeoff.co.uk/wp-content/uploads/2019/05/Candice_Stollen_1024x450-1024x450.png,https://thegreatbritishbakeoff.co.uk/wp-content/uploads/2016/08/candace-100x100.jpg
Tamal’s Iced Stollen Wreath,Tamal,16,Needs skill,"2 hrs, plus proving",50 mins,"[<h5>For the dough:</h5>, <p>65g dried cherries</p>, <p>65g dried cranberries</p>, <p>65g raisins</p>, <p>60g candied orange peel</p>, <p>finely grated zest and juice of 2 unwaxed clementines</p>, <p>2 tbsp dark rum</p>, <p>600g strong white bread flour</p>, <p>15g fast-action dried yeast</p>, <p>1 tsp salt</p>, <p>1 tbsp ground cinnamon</p>, <p>½ tsp ground cloves</p>, <p>100g caster sugar</p>, <p>125g whole milk</p>, <p>150g unsalted butter, melted, plus extra for glazing</p>, <p>2 large eggs</p>]",https://thegreatbritishbakeoff.co.uk/wp-content/uploads/2019/05/Tamal_Stollen_1024x450-1024x450.png,https://thegreatbritishbakeoff.co.uk/wp-content/uploads/2015/07/s6_3_450-100x100.jpg
Jane’s 12 Days of Decorating Biscuits,Jane,about 24,Needs skill,2 hrs,45 mins,"[<h5>For the biscuits:</h5>, <p>350g plain flour</p>, <p>1 tsp bicarbonate of soda</p>, <p>2 tsp ground cinnamon</p>, <p>1 tsp ground mixed spice</p>, <p>½ tsp ground cloves</p>, <p>120g salted butter</p>, <p>175g light muscovado sugar</p>, <p>1 large egg, beaten</p>, <p>2 tbsp golden syrup</p>]",https://thegreatbritishbakeoff.co.uk/wp-content/uploads/2019/05/Xmas_12_Days_Biscuits_1024x450-1024x450.png,https://thegreatbritishbakeoff.co.uk/wp-content/uploads/2016/08/jane-100x100.jpg
Flo’s Spiced Treacle & Ginger Biscuits,Flo,about 24 biscuits,Easy,"30 mins, plus decorating",10–12 mins,"[<h5>For the biscuits:</h5>, <p>100g salted butter, softened</p>, <p>100g caster sugar</p>, <p>125g treacle</p>, <p>1 egg yolk</p>, <p>250g plain flour</p>, <p>½ tsp salt</p>, <p>½ tsp bicarbonate of soda</p>, <p>½ tsp ground cinnamon</p>, <p>½ tsp ground cloves</p>, <p>½ tsp ground nutmeg</p>, <p>1 tsp ground ginger</p>]",https://thegreatbritishbakeoff.co.uk/wp-content/uploads/2019/05/Xmas_Treacle_Biscuits_1024x450_3-1024x450.png,https://thegreatbritishbakeoff.co.uk/wp-content/uploads/2016/08/GBBO8-Baker-Portrait-Flo-1074_l-100x100.jpg
Rahul’s Mango Crème-filled Doughnuts,Rahul,12,Needs skill,"1 hr, plus rising  ",about 18 mins ,"[<h5>For the dough: </h5>, <p>550g strong white bread flour  </p>, <p>70g caster sugar  </p>, <p>50g unsalted butter  </p>, <p>2 eggs  </p>, <p>14g fast-action dried yeast </p>, <p>10g salt  </p>, <p>130ml hand-hot whole milk </p>, <p>100ml hand-hot water  </p>, <p>1 litre sunflower oil, for frying </p>]",https://thegreatbritishbakeoff.co.uk/wp-content/uploads/2019/05/GBBO_Mango_Doughnuts_1024x450_2-1024x450.png,https://thegreatbritishbakeoff.co.uk/wp-content/uploads/2018/08/New-Project-10-100x100.jpg
Rahul’s Chocolate-dipped Orange Madeleines  ,Rahul,12,Easy,40 mins,10 mins ,"[<h5>For the sponges: </h5>, <p>2 large eggs </p>, <p>100g caster sugar </p>, <p>100g plain flour </p>, <p>½ tsp baking powder </p>, <p>100g unsalted butter, melted and cooled  </p>, <p>zest of 2 unwaxed oranges </p>]",https://thegreatbritishbakeoff.co.uk/wp-content/uploads/2019/05/Choc_Orange_Madalienes_1024x450-1024x450.png,https://thegreatbritishbakeoff.co.uk/wp-content/uploads/2018/08/New-Project-10-100x100.jpg
Briony’s Espresso Martini Madeleines,Briony,12,Easy,40 mins,8 mins,"[<h5>For the sponges: </h5>, <p>95g unsalted butter  </p>, <p>2 large eggs </p>, <p>1 tbsp coffee liqueur, such as Tia Maria </p>, <p>90g golden caster sugar </p>, <p>90g self-raising flour, plus extra for dusting  </p>, <p>½ tsp baking powder </p>, <p>pinch of salt </p>]",https://thegreatbritishbakeoff.co.uk/wp-content/uploads/2019/06/Mocha_Madelienes_1024x450-1024x450.png,https://thegreatbritishbakeoff.co.uk/wp-content/uploads/2018/08/New-Project-5-100x100.jpg
"Ruby’s Smørrebrød with Fennel, Flax, Poppy & Chilli",Ruby,1 loaf (16 slices),Needs skill,"1 hr, plus rising",35 mins,"[<h5>For the bread:</h5>, <p>200g wholemeal rye flour, plus extra for dusting  </p>, <p>200g strong white bread flour  </p>, <p>1½ tsp fast-action dried yeast </p>, <p>2 tsp salt  </p>, <p>25g sunflower seeds  </p>, <p>15g flax seeds (linseeds) </p>, <p>15g poppy seeds </p>, <p>1 tsp fennel seeds </p>, <p>½ tsp chilli powder </p>, <p>1 tbsp black treacle </p>, <p>250ml lukewarm water  </p>]",https://thegreatbritishbakeoff.co.uk/wp-content/uploads/2019/06/Smorrebrod_1024x450_1.png,https://thegreatbritishbakeoff.co.uk/wp-content/uploads/2018/08/New-Project-100x100.jpg
Manon’s Chestnut & Mushroom Tartlet,Manon,4,Needs skill,40 mins,18 mins,"[<h5>For the wholemeal shortcrust:</h5>, <p>75g wholemeal flour </p>, <p>150g plain flour </p>, <p>½ tsp salt  </p>, <p>½ tsp caster sugar  </p>, <p>75g coconut oil, at room temperature </p>, <p>2–3 tbsp cold water  </p>]",https://thegreatbritishbakeoff.co.uk/wp-content/uploads/2019/06/Chestnut_Mushroom_Tartlets_1024x450.png,https://thegreatbritishbakeoff.co.uk/wp-content/uploads/2018/08/New-Project-3-100x100.jpg
Rahul’s Ghugni Chaat Tartlet,Rahul,4,Needs skill,1 hr 30 mins,20 mins,"[<h5>For the pastry: </h5>, <p>185g plain flour </p>, <p>40g gram flour </p>, <p>½ tsp salt </p>, <p>¼ tsp ground turmeric </p>, <p>¼ tsp carom seeds </p>, <p>¼ tsp chilli powder </p>, <p>100g vegetable shortening  </p>, <p>1–2 tbsp cold water </p>]",https://thegreatbritishbakeoff.co.uk/wp-content/uploads/2019/06/Ghungni_Chat_Tartlet_1024x450.png,https://thegreatbritishbakeoff.co.uk/wp-content/uploads/2018/08/New-Project-10-100x100.jpg
Rahul’s Coriander Posto & Roasted Vegetables Rose Tartlet,Rahul,4,Needs skill,1 hr 30 mins,35 mins,"[<h5>For the pastry:</h5>, <p>225g plain flour </p>, <p>½ tsp salt </p>, <p>100g vegetable shortening  </p>, <p>2 tbsp cold water  </p>]",https://thegreatbritishbakeoff.co.uk/wp-content/uploads/2019/06/Pesto_Veg_Tartlets_1024x450.png,https://thegreatbritishbakeoff.co.uk/wp-content/uploads/2018/08/New-Project-10-100x100.jpg
Rahul’s Paneer Singara,Rahul,12,Needs skill,2 hrs,30 mins ,"[<h5>For the dough:</h5>, <p>225g plain flour  </p>, <p>pinch of salt </p>, <p>50g cold salted butter, diced </p>, <p>1 tsp nigella seeds </p>, <p>75ml lukewarm water </p>]",https://thegreatbritishbakeoff.co.uk/wp-content/uploads/2019/06/Paneer_Samosa_1024x450.png,https://thegreatbritishbakeoff.co.uk/wp-content/uploads/2018/08/New-Project-10-100x100.jpg
Rahul’s Misti Singara Samosas,Rahul,12 samosas,Needs skill,"1 hr, plus chilling",30 mins,"[<h5>For the dough: </h5>, <p>225g plain flour </p>, <p>pinch of salt </p>, <p>1 tbsp caster sugar  </p>, <p>50g unsalted butter, diced </p>, <p>75ml lukewarm water </p>, <p>sunflower oil, for deep frying </p>]",https://thegreatbritishbakeoff.co.uk/wp-content/uploads/2019/06/Misti_Singara_Samosas_1024x450.png,https://thegreatbritishbakeoff.co.uk/wp-content/uploads/2018/08/New-Project-10-100x100.jpg
Briony’s Beetroot Samosas & Peanut Butter Cheesecake Samosas,Briony,12 savoury and 12 sweet,Needs skill,1 hr 45 mins,30 mins,"[<h5>For the beetroot filling:</h5>, <p>1 tbsp olive oil  </p>, <p>3 small raw beetroots, peeled and chopped into 5mm chunks </p>, <p>1 red onion, peeled and chopped into 5mm chunks </p>, <p>½ tsp salt </p>, <p>½ tsp ground black pepper </p>, <p>1 tsp finely chopped rosemary leaves </p>, <p>2 tbsp balsamic vinegar </p>, <p>1 tbsp balsamic glaze </p>, <p>100g dried cranberries soaked in 2 tbsp port </p>, <p>100g walnuts, roughly chopped </p>, <p>18 small spinach leaves </p>]",https://thegreatbritishbakeoff.co.uk/wp-content/uploads/2019/06/Beetroot_Peanut_Samosas_1024x450.png,https://thegreatbritishbakeoff.co.uk/wp-content/uploads/2018/08/New-Project-5-100x100.jpg
Jon’s ‘Dinner for Two’ Samosas,Jon,6 savoury and 6 sweet,Challenging,2 hrs,30 mins ,"[<h5>For the savoury filling:</h5>, <p>1 large skinless chicken breast (about 120g)  </p>, <p>2 tbsp pesto (see below) </p>]",https://thegreatbritishbakeoff.co.uk/wp-content/uploads/2019/06/Romantic_Samosas_1024x450.png,https://thegreatbritishbakeoff.co.uk/wp-content/uploads/2018/08/New-Project-8-100x100.jpg
Ruby’s ‘Jamaican Me Crazy’ Ginger Cake,Ruby,24,Needs skill,1 hr 30 mins,55 mins,"[<h5>For the sponges:</h5>, <p>375g unsalted butter, softened   </p>, <p>330g dark brown soft sugar  </p>, <p>125g black treacle  </p>, <p>175g golden syrup  </p>, <p>1 tsp vanilla bean paste  </p>, <p>6 large free-range eggs  </p>, <p>4 tbsp spiced rum  </p>, <p>4 tbsp ground ginger  </p>, <p>3 tbsp ground cinnamon  </p>, <p>375g self-raising flour  </p>, <p>4 ½ tbsp soured cream  </p>, <p>6 pieces of stem ginger, drained and finely chopped, syrup reserved</p>]",https://thegreatbritishbakeoff.co.uk/wp-content/uploads/2019/06/Jamaican_Me_Crazy_1024x450_2.png,https://thegreatbritishbakeoff.co.uk/wp-content/uploads/2018/08/New-Project-100x100.jpg
Kim-Joy’s Stem Ginger Cake with Cream-cheese Frosting & Salted Caramel,Kim-Joy,12,Needs skill,"2 hrs, plus chilling",45 mins,"[<h5>For the poached pears:</h5>, <p>3 conference pears, peeled, stem intact</p>, <p>40g dark muscovado sugar</p>, <p>1 star anise</p>, <p>2 pieces cinnamon bark</p>, <p>1 tbsp vanilla paste</p>, <p>3 green cardamom pods </p>]",https://thegreatbritishbakeoff.co.uk/wp-content/uploads/2019/06/Stem_Ginger_Cake_1024x450.png,https://thegreatbritishbakeoff.co.uk/wp-content/uploads/2018/08/New-Project-6-100x100.jpg
Manon’s Italian Meringue & Lemon Ginger Cake,Manon,16,Needs skill,1 hr 15 mins,25 mins,"[<h5>For the sponges:</h5>, <p>200g salted butter, at room temperature  </p>, <p>250g dark muscovado sugar </p>, <p>100g treacle </p>, <p>100g golden syrup </p>, <p>100g root ginger, finely grated </p>, <p>2 eggs  </p>, <p>1 tsp ground cinnamon </p>, <p>1 tsp ground ginger </p>, <p>250g plain flour </p>, <p>1 tsp bicarbonate of soda </p>, <p>2 tsp baking powder </p>, <p>150ml whole milk </p>]",https://thegreatbritishbakeoff.co.uk/wp-content/uploads/2019/06/Lemon_Ginger_Cake_1024x450.png,https://thegreatbritishbakeoff.co.uk/wp-content/uploads/2018/08/New-Project-3-100x100.jpg
Jon’s Family Ginger Cake,Jon,8,Challenging,2 hrs,30 mins ,"[<h5>For the sponges:</h5>, <p>230ml whole milk </p>, <p>120g golden syrup </p>, <p>120g black treacle </p>, <p>120g dark muscovado sugar </p>, <p>1 tbsp ground ginger </p>, <p>1 tsp ground cinnamon </p>, <p>1 ½ tsp mixed spice </p>, <p>1 tsp bicarbonate of soda </p>, <p>230g self-raising flour </p>, <p>120g unsalted butter, softened  </p>, <p>100g stem ginger, finely chopped  </p>, <p>1 egg  </p>]",https://thegreatbritishbakeoff.co.uk/wp-content/uploads/2019/06/Ginger_Family_Cake_1024x450.png,https://thegreatbritishbakeoff.co.uk/wp-content/uploads/2018/08/New-Project-8-100x100.jpg
Dan’s Florida Fruit Roll,Dan,8–10,Needs skill,50 mins,25 mins,"[<h5>For the meringue:</h5>, <p>4 large egg whites  </p>, <p>250g caster sugar  </p>, <p>1 tsp cornflour  </p>, <p>1 tsp white wine vinegar  </p>, <p>1 tsp vanilla extract </p>]",https://thegreatbritishbakeoff.co.uk/wp-content/uploads/2019/06/Florida_Fruit_Roll_1024x450.png,https://thegreatbritishbakeoff.co.uk/wp-content/uploads/2018/08/New-Project-7-100x100.jpg
Ruby’s Piña Colada Roulade,Ruby,10,Needs skill,30 mins,50 mins ,"[<h5>For the meringue:</h5>, <p>4 large egg whites   </p>, <p>225g caster sugar </p>, <p>1 tsp white wine vinegar  </p>, <p>50g sweetened desiccated coconut </p>, <p>gold shimmer spray, to decorate  </p>, <p>icing sugar, for dusting  </p>]",https://thegreatbritishbakeoff.co.uk/wp-content/uploads/2019/06/Pina_Colada_Roulade_1024x450.png,https://thegreatbritishbakeoff.co.uk/wp-content/uploads/2018/08/New-Project-100x100.jpg
Briony’s Treacle Tart Roulade,Briony,8-10,Needs skill,40 mins,20 mins,"[<h5>For the meringue: </h5>, <p>4 large egg whites </p>, <p>250g caster sugar </p>, <p>finely grated zest of ½ unwaxed lemon </p>, <p>50g pecans, bashed into small pieces, plus 6 whole pecans to decorate </p>]",https://thegreatbritishbakeoff.co.uk/wp-content/uploads/2019/06/Treacle_Roulade_1024x450.png,https://thegreatbritishbakeoff.co.uk/wp-content/uploads/2018/08/New-Project-5-100x100.jpg
Manon’s Pistachio Meringue,Manon,8,Needs skill,40 mins,25 mins,"[<h5>For the meringue:</h5>, <p>70g pistachios  </p>, <p>300g caster sugar </p>, <p>4 egg whites (about 160g) </p>, <p>pinch of salt  </p>]",https://thegreatbritishbakeoff.co.uk/wp-content/uploads/2019/06/Pistachio_Meringue_1024x450.png,https://thegreatbritishbakeoff.co.uk/wp-content/uploads/2018/08/New-Project-3-100x100.jpg
Dan’s Sticky Spiced Orange Chelsea Buns,Dan,12 portions,Needs skill,"45 mins, plus rising",20 mins,"[<h5>For the dough:</h5>, <p>200ml whole milk  </p>, <p>50g unsalted butter  </p>, <p>75g caster sugar  </p>, <p>1 tsp salt  </p>, <p>1 tsp ground cinnamon  </p>, <p>½ tsp ground nutmeg  </p>, <p>finely grated zest of 1 large unwaxed orange  </p>, <p>500g strong white bread flour  </p>, <p>10g fast-action dried yeast  </p>, <p>2 large eggs  </p>, <p>1 tsp orange extract </p>]",https://thegreatbritishbakeoff.co.uk/wp-content/uploads/2019/07/Orange_Chelsea_Buns_1024x450.png,https://thegreatbritishbakeoff.co.uk/wp-content/uploads/2018/08/New-Project-7-100x100.jpg
Manon’s Apricot & Cranberry Chai Chelsea Buns,Manon,12 portions,Needs skill,"45 mins, plus rising",20 mins,"[<h5>For the chai mix:</h5>, <p>½ tsp ground cardamom  </p>, <p>½ tsp ground allspice </p>, <p>1 tsp cinnamon </p>, <p>½ tsp ground cloves </p>, <p>1½ tsp ground ginger </p>]",https://thegreatbritishbakeoff.co.uk/wp-content/uploads/2019/07/Apricot_Chelsea_Buns_1024x450.png,https://thegreatbritishbakeoff.co.uk/wp-content/uploads/2018/08/New-Project-3-100x100.jpg
Dan’s Black Forest Slice,Dan,16 portions,Easy,45 mins,20 mins,"[<h5>For the sponge:</h5>, <p>175g plain flour </p>, <p>25g cocoa powder </p>, <p>1 tsp espresso powder </p>, <p>1 tsp baking powder </p>, <p>175g unsalted butter </p>, <p>200g light brown soft sugar </p>, <p>1 tsp vanilla extract </p>, <p>3 large eggs </p>, <p>200g cherries, pitted and quartered </p>, <p>25g 70% dark chocolate </p>, <p>16 cherries in kirsch, drained  </p>]",https://thegreatbritishbakeoff.co.uk/wp-content/uploads/2019/07/Forest_Traybake_1024x450.png,https://thegreatbritishbakeoff.co.uk/wp-content/uploads/2018/08/New-Project-7-100x100.jpg
Terry’s All At Sea Rum & Raisin Traybake,Terry,16 slices,Easy,1 hr,25 mins,"[<h5>For the apple sauce:</h5>, <p>2 Bramley apples, peeled, cored and chopped</p>, <p>250ml cloudy apple juice</p>, <p>150g light muscovado sugar</p>, <p>1 tbsp cornflour</p>, <p>10g unsalted butter</p>]",https://thegreatbritishbakeoff.co.uk/wp-content/uploads/2019/07/Rum_Raisin_Bake_1024x450.png,https://thegreatbritishbakeoff.co.uk/wp-content/uploads/2018/08/New-Project-11-100x100.jpg
Rahul’s Lemon Traybake with Lemon & Cardamom Drizzle,Rahul,16,Needs skill,2 hrs,11 mins,"[<h5>For the joconde sponge:  </h5>, <p>6 large egg whites  </p>, <p>270g caster sugar  </p>, <p>270g ground almonds  </p>, <p>6 large eggs  </p>, <p>60g plain flour  </p>, <p>finely grated zest of 4 unwaxed lemons </p>, <p>2 tsp ground cardamom or ½ tsp cardamom extract </p>, <p>45g unsalted butter, melted, then cooled  </p>]",https://thegreatbritishbakeoff.co.uk/wp-content/uploads/2019/07/Lemon_Tray_Bake_1024x450.png,https://thegreatbritishbakeoff.co.uk/wp-content/uploads/2018/08/New-Project-10-100x100.jpg
Terry’s Chocolate-dipped Chia Brandy Snaps,Terry,24,Needs skill,2 hrs,1 hr 30 mins  ,"[<p>75ml cloudy apple juice  </p>, <p>200g caster sugar  </p>, <p>75g plain flour </p>, <p>75g unsalted butter </p>, <p>10g ground almonds  </p>, <p>25g chia seeds </p>, <p>100g 60% dark chocolate, to decorate  </p>]",https://thegreatbritishbakeoff.co.uk/wp-content/uploads/2019/07/Brandy_Snaps_1024x450.png,https://thegreatbritishbakeoff.co.uk/wp-content/uploads/2018/08/New-Project-11-100x100.jpg
Antony’s Turmeric & Caraway Goosnargh Biscuits with Mango Chilli Jam,Antony,24,Needs skill,1 hr,34 mins,"[<h5>For the mango chilli jam:</h5>, <p>400g tin of mango slices, drained </p>, <p>400g granulated sugar   </p>, <p>zest and juice of 2 unwaxed lemons  </p>, <p>½ tsp chilli flakes </p>]",https://thegreatbritishbakeoff.co.uk/wp-content/uploads/2019/07/Turmeric_Biscuits_1024x450.png,https://thegreatbritishbakeoff.co.uk/wp-content/uploads/2018/08/New-Project-4-100x100.jpg
Kim-Joy’s Orange Blossom York Biscuits,Kim-Joy,24,Needs skill,2 hrs,30 mins,"[<h5>For the biscuits: </h5>, <p>200g salted butter  </p>, <p>85g caster sugar </p>, <p>finely grated zest of 1 unwaxed orange  </p>, <p>1½ tsp orange blossom water, or to taste  </p>, <p>200g plain flour, plus extra for dusting </p>, <p>70g semolina </p>, <p>edible white primroses, stems snipped, to decorate </p>]",https://thegreatbritishbakeoff.co.uk/wp-content/uploads/2019/07/York_Biscuits_1024x450_4.png,https://thegreatbritishbakeoff.co.uk/wp-content/uploads/2018/08/New-Project-6-100x100.jpg
Briony’s Apple Cider Empire Biscuits,Briony,24,Needs skill,1 hr,20 mins,"[<h5>For the biscuits:</h5>, <p>2 large eggs and 2 large egg yolks </p>, <p>280g unsalted butter, softened  </p>, <p>150g caster sugar </p>, <p>1 tsp Madagascan vanilla extract  </p>, <p>370g plain flour  </p>, <p>½ tsp salt </p>, <p>1 tsp ground cinnamon </p>]",https://thegreatbritishbakeoff.co.uk/wp-content/uploads/2019/07/Apple_Empire_Biscuits_1024x450.png,https://thegreatbritishbakeoff.co.uk/wp-content/uploads/2018/08/New-Project-5-100x100.jpg
Luke’s Yorkshire Gingernuts with Lime,Luke,24,Easy,45 mins,30 mins,"[<p>100g unsalted butter</p>, <p>25g golden syrup</p>, <p>1 egg</p>, <p>350g self-raising flour</p>, <p>100g soft light brown sugar</p>, <p>100g light muscovado sugar</p>, <p>1 tsp bicarbonate of soda</p>, <p>12g ground ginger</p>, <p>10g mixed spice</p>, <p>finely grated zest of 3 unwaxed limes</p>, <p>juice of 1 lime</p>]",https://thegreatbritishbakeoff.co.uk/wp-content/uploads/2019/07/Gingernuts_1024x450.png,https://thegreatbritishbakeoff.co.uk/wp-content/uploads/2018/08/New-Project-1-100x100.jpg
Rob’s Apple & Cinnamon Baked Alaska Tarts,Robert,6 individual tartlets,Needs skill,1 hr 45 mins,17 mins,"[<h5>For the vanilla ice cream:</h5>, <p>200ml full-fat milk</p>, <p>1 vanilla pod, split lengthways</p>, <p>3 medium egg yolks, at room temperature</p>, <p>75g caster sugar</p>, <p>200ml whipping cream, well chilled</p>]",https://thegreatbritishbakeoff.co.uk/wp-content/uploads/2019/08/Apple-Alaska-Tart-1024x450-1024x450.png,https://thegreatbritishbakeoff.co.uk/wp-content/uploads/2013/08/robert-detail-100x100.jpg
Selasi’s Bûche de Noël,Robert,12,Needs skill,2 hrs 15 mins,1 hr 10 mins,"[<h5>For the rum sauce:</h5>, <p>35g raisins</p>, <p>3 tbsp dark rum</p>, <p>3 tbsp very hot water</p>, <p>55g caster sugar</p>]",https://thegreatbritishbakeoff.co.uk/wp-content/uploads/2019/08/buche-de-noel-1024x450.png,https://thegreatbritishbakeoff.co.uk/wp-content/uploads/2013/08/robert-detail-100x100.jpg
Beca’s Gingerbread Latte Yule Log,Beca,12,Challenging,2 hrs 15 mins,30 mins,"[<h5>For the sponge roll:</h5>, <p>100g plain flour</p>, <p>½ tsp baking powder</p>, <p>2 tsp ground ginger</p>, <p>1½ tsp ground cinnamon</p>, <p>¼ tsp ground mixed spice</p>, <p>good pinch of salt</p>, <p>3 medium eggs plus 1 egg white, at room temperature</p>, <p>65g light muscovado sugar, sifted</p>, <p>50g caster sugar</p>, <p>finely grated zest ½ orange</p>, <p>10g piece fresh root ginger, peeled and finely grated</p>, <p>icing sugar, for dusting</p>]",https://thegreatbritishbakeoff.co.uk/wp-content/uploads/2019/08/gingerbread-yule-log-1024x450-1024x450.png,https://thegreatbritishbakeoff.co.uk/wp-content/uploads/2013/08/s4_2_450-100x100.jpg
Val’s Black Forest Yule Log,Val,12,Needs skill,2 hrs,1 hr 20 mins,"[<h5>For the sponge:</h5>, <p>25g unsalted butter</p>, <p>80g plain flour</p>, <p>20g cocoa powder</p>, <p>2 good pinches salt</p>, <p>4 medium eggs, at room temperature</p>, <p>120g caster sugar, plus extra for sprinkling</p>, <p>½ tsp vanilla extract</p>]",https://thegreatbritishbakeoff.co.uk/wp-content/uploads/2019/08/black-forest-yule-log-1024x450-1024x450.png,https://thegreatbritishbakeoff.co.uk/wp-content/uploads/2016/08/val-100x100.jpg
Sophie’s Orange Plaited Brioches,Sophie,4,Challenging,1 hr,25 mins,"[<p>75ml whole milk </p>, <p>finely grated zest of 3 small unwaxed oranges </p>, <p>400g strong white bread flour </p>, <p>2 tsp fast-action dried yeast </p>, <p>30g caster sugar </p>, <p>5g salt </p>, <p>5 eggs, beaten  </p>, <p>170g unsalted butter, softened </p>, <p>2 egg yolks, beaten with 2 tsp water </p>, <p>2 tbsp pearl sugar (optional)</p>]",https://thegreatbritishbakeoff.co.uk/wp-content/uploads/2019/08/orange-brioche-1024x450.png,https://thegreatbritishbakeoff.co.uk/wp-content/uploads/2016/08/GBBO8-Baker-Portrait-Sophie-1162_l-100x100.jpg
Kate’s Roman Spelt Bread,Kate,1 large loaf,Easy,30 mins,35 mins,"[<h5>For the dough:</h5>, <p>500g white spelt flour</p>, <p>7g fast-action dried yeast</p>, <p>10g fine sea salt</p>, <p>2 tbsp light olive oil</p>, <p>1 tbsp clear honey</p>, <p>about 300ml lukewarm water</p>, <p>1–2 tbsp wholemeal spelt flour or white spelt flour, for dusting</p>]",https://thegreatbritishbakeoff.co.uk/wp-content/uploads/2019/08/roman-spelt-1024x450.png,https://thegreatbritishbakeoff.co.uk/wp-content/uploads/2016/08/GBBO8-Baker-Portrait-Kate-1135_l-100x100.jpg
Steven’s Sweet Chocolate & Cinnamon Knots,Steven,4 small loaves,Challenging,1 hr 15 mins,20 mins,"[<h5>For the dough:</h5>, <p>500g strong white bread flour, plus extra for dusting</p>, <p>5g fast-action dried yeast (from a 7g sachet)</p>, <p>60g unsalted butter, softened, diced</p>, <p>40g caster sugar</p>, <p>7g salt</p>, <p>2 medium eggs, at room temperature, beaten</p>, <p>About 225ml full-fat milk, lukewarm</p>]",https://thegreatbritishbakeoff.co.uk/wp-content/uploads/2017/10/171020_067_ChocCinnBuns_450.jpg,https://thegreatbritishbakeoff.co.uk/wp-content/uploads/2016/08/GBBO8-Baker-Portrait-Steven-987_l-100x100.jpg
Kate’s Coconut Kala Chana Breads,Kate,4,Easy,1 hr,20 mins,"[<h5>For the dough:</h5>, <p>500g strong white bread flour </p>, <p>2 tsp fast-action dried yeast  </p>, <p>1 tbsp curry powder </p>, <p>8g salt </p>, <p>40ml olive oil or rapeseed oil, plus extra for working </p>, <p>about 320ml lukewarm water </p>, <p>1 tbsp nigella seeds </p>]",https://thegreatbritishbakeoff.co.uk/wp-content/uploads/2017/10/171013_063_CoconutBread_450.jpg,https://thegreatbritishbakeoff.co.uk/wp-content/uploads/2016/08/GBBO8-Baker-Portrait-Kate-1135_l-100x100.jpg
Stacey’s Bakewell Steamed Pudding,Stacey,8,Easy,1 hr 15 mins,2 hrs,"[<h5>For the cherry jam:</h5>, <p>200g sweet, large, ripe cherries, halved and stoned </p>, <p>50g granulated sugar </p>, <p>juice of ½ large lemon </p>]",https://thegreatbritishbakeoff.co.uk/wp-content/uploads/2017/09/170918_035_BakewellPud_450.jpg,https://thegreatbritishbakeoff.co.uk/wp-content/uploads/2016/08/GBBO8-Baker-Portrait-Stacey-1201_l-100x100.jpg
Kate’s Orange Craquelin Choux Buns,Kate,20,Needs skill,1 hr 30 mins,35 mins,"[<h5>For the craquelin:</h5>, <p>60g light muscovado sugar </p>, <p>60g plain flour </p>, <p>55g salted butter, very softened </p>]",https://thegreatbritishbakeoff.co.uk/wp-content/uploads/2017/10/171013_058_VanicianOrangeChoux_450.jpg,https://thegreatbritishbakeoff.co.uk/wp-content/uploads/2016/08/GBBO8-Baker-Portrait-Kate-1135_l-100x100.jpg
Stacey’s Banoffee Craquelin Choux Buns,Stacey,20,Needs skill,1 hr 30 mins,35 mins,"[<h5>For the craquelin:</h5>, <p>55g unsalted butter, softened </p>, <p>65g light muscovado sugar </p>, <p>60g plain flour</p>]",https://thegreatbritishbakeoff.co.uk/wp-content/uploads/2017/10/171013_060_BanoffeeChoux_450.jpg,https://thegreatbritishbakeoff.co.uk/wp-content/uploads/2016/08/GBBO8-Baker-Portrait-Stacey-1201_l-100x100.jpg
Steven’s Bakewell Tart Choux Buns,Steven,20-24,Needs skill,2 hrs,25 mins,"[<h5>For the raspberry jam:</h5>, <p>175g raspberries </p>, <p>175g granulated sugar </p>, <p>¼ tsp unsalted butter  </p>]",https://thegreatbritishbakeoff.co.uk/wp-content/uploads/2017/10/171013_059_BakewellChoux_450.jpg,https://thegreatbritishbakeoff.co.uk/wp-content/uploads/2016/08/GBBO8-Baker-Portrait-Steven-987_l-100x100.jpg
Liam’s Spiced Plum & Apple Clanger,Liam,8,Needs skill,1 hr 15 mins,40 mins,"[<h5>For the filling:</h5>, <p>5 just-ripe plums, each stoned and cut into 8 slices </p>, <p>2 Granny Smith apples, peeled, cored and cut into 1cm chunks </p>, <p>1 Bramley apple, peeled, cored and cut into 1cm chunks </p>, <p>50g caster sugar </p>, <p>1 tsp ground cinnamon </p>, <p>⅛ tsp ground cloves</p>]",https://thegreatbritishbakeoff.co.uk/wp-content/uploads/2017/10/171013_057_PlumAppleClanger_450.jpg,https://thegreatbritishbakeoff.co.uk/wp-content/uploads/2016/08/GBBO8-Baker-Portrait-Liam-959_l-100x100.jpg
Steven’s Mediterranean Medley Clanger,Steven,6-8,Needs skill,1 hr 45 mins,25 mins,"[<h5>For the filling:</h5>, <p>350g sweet potatoes, peeled and cut into 1cm dice (to give 250g diced potato)</p>, <p>1½ tbsp olive oil</p>, <p>1 large red onion, finely chopped</p>, <p>2 garlic cloves, crushed</p>, <p>½–1 tsp dried red chilli flakes, to taste</p>, <p>½ tsp sumac (optional)</p>, <p>1½ tsp ground cumin</p>, <p>1½ tsp ground coriander</p>, <p>1½ tsp smoked sweet paprika</p>, <p>1 tbsp pomegranate molasses</p>, <p>1 tbsp clear honey (preferably Greek)</p>, <p>2 x 390g cartons chopped tomatoes with onion and garlic</p>, <p>1 x 400g can chickpeas, drained</p>, <p>25g mild piquanté peppers (from a jar), drained and thinly sliced</p>, <p>200g feta cheese, drained and diced</p>, <p>30g pine nuts, toasted</p>, <p>1 rounded tbsp mixed chopped fresh herbs, such coriander, thyme and mint leaves</p>, <p>salt and pepper, to taste</p>]",https://thegreatbritishbakeoff.co.uk/wp-content/uploads/2017/10/171013_056_MedClanger_450.jpg,https://thegreatbritishbakeoff.co.uk/wp-content/uploads/2016/08/GBBO8-Baker-Portrait-Steven-987_l-100x100.jpg
Stacey’s Camembert & Caramelised Onion Clanger,Stacey,6–8,Needs skill,1 hr 15 mins,35 mins,"[<h5>For the filling:</h5>, <p>2 tbsp olive oil </p>, <p>7g unsalted butter </p>, <p>2 large onions, thinly sliced </p>, <p>2 tbsp balsamic vinegar </p>, <p>2 tbsp dark muscovado sugar </p>, <p>30g pine nuts </p>, <p>40g wild rocket, washed, dried and chilled </p>, <p>225g camembert cheese, cut into 1cm slices </p>, <p>salt and black pepper, to taste </p>]",https://thegreatbritishbakeoff.co.uk/wp-content/uploads/2017/10/171013_055_CamentbertClanger_450.jpg,https://thegreatbritishbakeoff.co.uk/wp-content/uploads/2016/08/GBBO8-Baker-Portrait-Stacey-1201_l-100x100.jpg
Sophie’s Gianduja Cannoli,Sophie,24,Challenging,2 hrs,8-10 mins,"[<h5>For the shells:</h5>, <p>280g plain flour </p>, <p>50g caster sugar </p>, <p>¼ tsp ground cinnamon </p>, <p>25g solid 100% vegetable baking fat, diced </p>, <p>2 eggs, 1 separated </p>, <p>4 tbsp Marsala wine </p>, <p>1 tsp distilled white vinegar </p>, <p>about 2 litres sunflower oil, for deep frying </p>, <p>150g milk chocolate, finely chopped, to decorate </p>, <p>100g roasted chopped hazelnuts, to decorate </p>, <p>icing sugar, for dusting </p>]",https://thegreatbritishbakeoff.co.uk/wp-content/uploads/2019/09/Gianduja-Cannoli-1024x450.png,https://thegreatbritishbakeoff.co.uk/wp-content/uploads/2016/08/GBBO8-Baker-Portrait-Sophie-1162_l-100x100.jpg
Kate’s Espresso Martini Cannoli,Kate,24,Challenging,2 hrs 30 mins,8–10 mins,"[<h5>For the cannoli shells: </h5>, <p>220g plain flour </p>, <p>1 tsp finely ground espresso coffee </p>, <p>30g caster sugar </p>, <p>30g unsalted butter, at room temperature, diced </p>, <p>80ml Marsala wine </p>, <p>1 tbsp distilled white vinegar </p>, <p>1 egg white </p>, <p>about 2 litres sunflower oil, for deep frying </p>]",https://thegreatbritishbakeoff.co.uk/wp-content/uploads/2019/09/Espresso-Martini-Cannoli-1024x450.png,https://thegreatbritishbakeoff.co.uk/wp-content/uploads/2016/08/GBBO8-Baker-Portrait-Kate-1135_l-100x100.jpg
"Steven’s Milk Chocolate, Almond Praline & Honey Cannoli",Steven,24,Challenging,2 hrs 15 mins,8–10 mins,"[<h5>For the cannoli shells: </h5>, <p>200g plain flour, plus extra for dusting </p>, <p>25g caster sugar </p>, <p>¼ tsp ground cinnamon </p>, <p>20g solid vegetable baking fat, diced </p>, <p>4 tbsp Marsala wine </p>, <p>1½ tsp distilled white vinegar </p>, <p>1 egg, separated </p>, <p>about 2 litres sunflower oil, for deep frying </p>, <p>icing sugar, for dusting </p>]",https://thegreatbritishbakeoff.co.uk/wp-content/uploads/2019/09/Praline-Honey-Cannoli-1024x450.png,https://thegreatbritishbakeoff.co.uk/wp-content/uploads/2016/08/GBBO8-Baker-Portrait-Steven-987_l-100x100.jpg
Liam’s Cannoli with Baklava Filling,Liam,24,Challenging,2 hrs,8–10 mins,"[<h5>For the cannoli shells: </h5>, <p>300g plain flour </p>, <p>50g caster sugar </p>, <p>¼ tsp bicarbonate of soda </p>, <p>¼ tsp ground cinnamon </p>, <p>¼ tsp fine sea salt </p>, <p>4 tbsp Marsala wine </p>, <p>1 egg, separated </p>, <p>50g unsalted butter, melted and cooled </p>, <p>about 2 litres sunflower oil, for deep frying </p>, <p>icing sugar, for dusting </p>]",https://thegreatbritishbakeoff.co.uk/wp-content/uploads/2019/09/Cannoli-Baklava-1024x450.png,https://thegreatbritishbakeoff.co.uk/wp-content/uploads/2016/08/GBBO8-Baker-Portrait-Liam-959_l-100x100.jpg
Stacey’s Lemon Cheesecake Cannoli,Stacey,24,Challenging,2 hrs 30 mins,14 mins,"[<h5>For the cannoli shells: </h5>, <p>200g plain flour </p>, <p>2 tbsp caster sugar </p>, <p>1 tbsp cocoa powder </p>, <p>½ tsp ground cinnamon </p>, <p>40g unsalted butter, at room temperature, diced </p>, <p>4 tbsp Marsala wine </p>, <p>1 egg white, beaten </p>, <p>about 2 litres of sunflower oil, for deep frying </p>, <p>150g good-quality white chocolate, finely chopped, to decorate </p>, <p>icing sugar, for dusting  </p>]",https://thegreatbritishbakeoff.co.uk/wp-content/uploads/2019/09/Lemon-Cheesecake-Cannoli-1024x450.png,https://thegreatbritishbakeoff.co.uk/wp-content/uploads/2016/08/GBBO8-Baker-Portrait-Stacey-1201_l-100x100.jpg
Stacey’s Old-Fashioned Minced Beef Pies,Stacey,4,Needs skill,2 hrs,25 mins,"[<h5>For the filling:</h5>, <p>50g pine nuts </p>, <p>2 tbsp sunflower oil </p>, <p>1 onion, finely chopped </p>, <p>500g very lean minced beef </p>, <p>½ tsp ground cinnamon </p>, <p>½ tsp ground allspice </p>, <p>2 pinches dried red chilli flakes </p>, <p>1½ tbsp tomato purée </p>, <p>100ml hot beef stock  </p>, <p>salt and ground black pepper</p>]",https://thegreatbritishbakeoff.co.uk/wp-content/uploads/2017/10/170918_036_MinceMeatPies_450.jpg,https://thegreatbritishbakeoff.co.uk/wp-content/uploads/2016/08/GBBO8-Baker-Portrait-Stacey-1201_l-100x100.jpg
Sophie’s Four Seasons Individual Pies,Sophie,4,Needs skill,2 hrs 30 mins,1 hr 5 mins,"[<h5>For the rich shortcrust pastry:</h5>, <p>500g plain flour </p>, <p>¼ tsp salt </p>, <p>250g unsalted butter, chilled and diced </p>, <p>3 egg yolks </p>, <p>about 120ml ice-cold water </p>, <p>1 egg, beaten, for glazing  </p>]",https://thegreatbritishbakeoff.co.uk/wp-content/uploads/2017/10/170920_041_SeasonsPies_450.jpg,https://thegreatbritishbakeoff.co.uk/wp-content/uploads/2016/08/GBBO8-Baker-Portrait-Sophie-1162_l-100x100.jpg
Steven’s Lemon & Blackcurrant Drizzle Steamed Pudding,Steven,8,Easy,1 hr 15 mins,2 hrs,"[<h5>For the sponge: </h5>, <p>finely grated zest of 5 unwaxed lemons </p>, <p>175g self-raising flour </p>, <p>175g unsalted butter, softened </p>, <p>175g golden caster sugar </p>, <p>½ tsp vanilla extract </p>, <p>3 eggs, beaten  </p>]",https://thegreatbritishbakeoff.co.uk/wp-content/uploads/2017/09/170912_032_LemonBcurrentPud_450.jpg,https://thegreatbritishbakeoff.co.uk/wp-content/uploads/2016/08/GBBO8-Baker-Portrait-Steven-987_l-100x100.jpg
Yan’s Mango Fruit Hat Pudding,Yan,8,Needs skill,1 hr 15 mins,2 hrs,"[<h5>For the sponge:</h5>, <p>170g unsalted butter, softened </p>, <p>170g light muscovado sugar </p>, <p>1 tsp ground mixed spice </p>, <p>1 large ripe mango, peeled, stoned and flesh cut into long 5mm-thick slices </p>, <p>1 small ripe mango, peeled, stoned and flesh cut into 1cm chunks </p>, <p>1 tbsp runny honey </p>, <p>finely grated zest of 2 unwaxed limes </p>, <p>2 tsp stem ginger, finely chopped </p>, <p>½ tsp vanilla extract </p>, <p>2 eggs, beaten  </p>, <p>100g self-raising flour </p>, <p>½ tsp baking powder </p>, <p>75g stale white breadcrumbs</p>]",https://thegreatbritishbakeoff.co.uk/wp-content/uploads/2017/09/170912_031_MangoCoconutPud_450.jpg,https://thegreatbritishbakeoff.co.uk/wp-content/uploads/2016/08/GBBO8-Baker-Portrait-Yan-928_l-100x100.jpg
James’s Steamed Orange & Ginger Pudding,James,8,Easy,1 hr,2 hrs 15 mins,"[<h5>To prepare the pudding bowl:</h5>, <p>3 tbsp golden syrup </p>, <p>1 tbsp ginger syrup (from jar of stem ginger) </p>, <p>2 large, thin-skinned oranges, rinsed, then sliced thinly </p>]",https://thegreatbritishbakeoff.co.uk/wp-content/uploads/2017/09/170912_029_OrangeGingerPud_450.jpg,https://thegreatbritishbakeoff.co.uk/wp-content/uploads/2016/08/GBBO8-Baker-Portrait-James-1045_l-100x100.jpg
"Steven’s Macadamia, Orange & Coffee Millionaire’s Shortbread",Steven,12,Easy,1 hr 15 mins,15 mins,"[<h5>For the shortbread:</h5>, <p>225g plain flour </p>, <p>200g unsalted butter, chilled and diced </p>, <p>120g caster sugar </p>, <p>pinch of salt </p>, <p>1 egg yolk </p>, <p>1 tbsp double cream </p>, <p>120g macadamia nut halves, halved again</p>]",https://thegreatbritishbakeoff.co.uk/wp-content/uploads/2019/09/Macadamia_Millionaires_1024x450.png,https://thegreatbritishbakeoff.co.uk/wp-content/uploads/2016/08/GBBO8-Baker-Portrait-Steven-987_l-100x100.jpg
Sophie’s Millionaire’s Jaffa Shortbread,Sophie,9,Needs skill,1 hr 30 mins,20 mins,"[<h5>For the shortbread:</h5>, <p>100g cornflour </p>, <p>160g plain flour </p>, <p>100g icing sugar </p>, <p>200g unsalted butter, chilled and diced </p>, <p>1 tsp vanilla powder </p>, <p>finely grated zest of 1 large unwaxed orange</p>]",https://thegreatbritishbakeoff.co.uk/wp-content/uploads/2019/09/Jaffa_Shortbread_1024x450_2.png,https://thegreatbritishbakeoff.co.uk/wp-content/uploads/2016/08/GBBO8-Baker-Portrait-Sophie-1162_l-100x100.jpg
Liam’s Salted Peanut Millionaire’s Shortbread,Liam,10-12,Needs skill,2 hrs,16 mins,"[<h5>For the shortbread dough:</h5>, <p>175g plain flour </p>, <p>90g rice flour or ground rice </p>, <p>¼ tsp fine sea salt </p>, <p>85g caster sugar </p>, <p>175g unsalted butter, chilled and diced </p>, <p>½ tsp vanilla bean paste </p>, <p>250g 70% dark chocolate, chopped into small pieces </p>]",https://thegreatbritishbakeoff.co.uk/wp-content/uploads/2019/09/Peanut_Millionaires_1024x450.png,https://thegreatbritishbakeoff.co.uk/wp-content/uploads/2016/08/GBBO8-Baker-Portrait-Liam-959_l-100x100.jpg
Kate’s Blueberry Buns,Kate,12,Easy,1 hr 30 mins,20 mins,"[<h5>For the dough:</h5>, <p>300ml whole milk</p>, <p>50g unsalted butter, softened and diced</p>, <p>500g strong white bread flour</p>, <p>1 tsp salt</p>, <p>75g golden caster sugar</p>, <p>7g fast-action dried yeast</p>, <p>1½ tsp ground cardamom</p>, <p>2 tsp ground cinnamon</p>, <p>1 egg, beaten</p>, <p>150g dried blueberries</p>, <p>100ml hot water</p>]",https://thegreatbritishbakeoff.co.uk/wp-content/uploads/2019/09/Blueberry_Teacakes_1024x450.png,https://thegreatbritishbakeoff.co.uk/wp-content/uploads/2016/08/GBBO8-Baker-Portrait-Kate-1135_l-100x100.jpg
James’s Nordic Teacakes,James,12,Easy,1 hr 30 mins,20 mins,"[<h5>For the soaked fruit:</h5>, <p>200g sultanas </p>, <p>100g dried cranberries </p>, <p>75ml port </p>, <p>1 tsp plain flour</p>]",https://thegreatbritishbakeoff.co.uk/wp-content/uploads/2019/09/Nordic_Teacakes_1024x450.png,https://thegreatbritishbakeoff.co.uk/wp-content/uploads/2016/08/GBBO8-Baker-Portrait-James-1045_l-100x100.jpg
Stacey’s Cranberry & Cinnamon Teacakes,Stacey,12,Easy,1 hr 45 mins,20 mins,"[<h5>For the dough:</h5>, <p>750g strong white bread flour </p>, <p>10g sea salt flakes, finely crushed </p>, <p>75g caster sugar </p>, <p>1 tbsp ground cinnamon </p>, <p>10g fast-action dried yeast </p>, <p>70g unsalted butter, at room temperature, diced; plus extra, softened, for glazing </p>, <p>about 425ml tepid water </p>, <p>175g dried cranberries </p>, <p>3 tbsp whole milk, for brushing</p>]",https://thegreatbritishbakeoff.co.uk/wp-content/uploads/2019/09/Cranberry_Teacakes_1024x450.png,https://thegreatbritishbakeoff.co.uk/wp-content/uploads/2016/08/GBBO8-Baker-Portrait-Stacey-1201_l-100x100.jpg
Yan’s Masala Chai Spiced Teacakes,Yan,12,Easy,1 hr 45 mins,20 mins,"[<h5>For the infused milk:</h5>, <p>10 cloves </p>, <p>6 green cardamom pods, lightly cracked </p>, <p>4 whole black peppercorns </p>, <p>3 small cinnamon sticks, slightly broken up </p>, <p>500ml semi-skimmed milk </p>, <p>2 tsp ground ginger </p>, <p>4 Assam tea bags</p>]",https://thegreatbritishbakeoff.co.uk/wp-content/uploads/2019/09/Masala_Chai_Teacakes_1024x450.png,https://thegreatbritishbakeoff.co.uk/wp-content/uploads/2016/08/GBBO8-Baker-Portrait-Yan-928_l-100x100.jpg
Stacey’s Sparkly Chocolate Sandwich Cookies,Stacey,24 pairs,Needs skill,1 hr 30 mins,10 mins,"[<h5>For the biscuit dough:</h5>, <p>145g unsalted butter, softened</p>, <p>300g caster sugar</p>, <p>1 egg</p>, <p>190g plain flour</p>, <p>75g cocoa powder</p>, <p>1 tsp bicarbonate of soda</p>, <p>¼ tsp salt</p>, <p>edible silver glitter dust, or icing sugar, plus extra to decorate (optional)</p>]",https://thegreatbritishbakeoff.co.uk/wp-content/uploads/2019/09/Sparkly_Cookies_1024x450.png,https://thegreatbritishbakeoff.co.uk/wp-content/uploads/2016/08/GBBO8-Baker-Portrait-Stacey-1201_l-100x100.jpg
Steven’s Amarspressi Biscuits,Steven,8,Easy,50 mins,15 mins,"[<h5>For the biscuit dough:</h5>, <p>140g ground almonds</p>, <p>140g golden caster sugar</p>, <p>30g semolina</p>, <p>2 egg whites</p>, <p>1 tbsp amaretto liqueur</p>, <p>1 tbsp flaked almonds, to decorate</p>]",https://thegreatbritishbakeoff.co.uk/wp-content/uploads/2019/09/Amarspressi_1024x450.png,https://thegreatbritishbakeoff.co.uk/wp-content/uploads/2016/08/GBBO8-Baker-Portrait-Steven-987_l-100x100.jpg
Tom’s Coffee & Amaretto Kisses,Tom,15,Needs skill,1 hr 15 mins,15 mins,"[<h5>For the biscuit dough:</h5>, <p>250g salted butter, very soft</p>, <p>50g icing sugar</p>, <p>30g cornflour</p>, <p>250g plain flour</p>, <p>1 tbsp instant espresso coffee powder</p>, <p>½ tsp vanilla extract</p>, <p>60g 70% dark chocolate, melted, to decorate</p>, <p>35g walnut pieces, finely chopped, to decorate</p>]",https://thegreatbritishbakeoff.co.uk/wp-content/uploads/2019/09/Coffee_Kisses_1024x450.png,https://thegreatbritishbakeoff.co.uk/wp-content/uploads/2016/08/GBBO8-Baker-Portrait-Tom-890_l-100x100.jpg
James’s Rhubarb & Custard Whirls,James,12,Needs skill,1 hr 30 mins,15 mins,"[<h5>For the dough:</h5>, <p>40g icing sugar</p>, <p>185g plain flour</p>, <p>40g custard powder</p>, <p>185g very soft unsalted butter</p>, <p>½ tsp vanilla bean paste</p>]",https://thegreatbritishbakeoff.co.uk/wp-content/uploads/2019/09/Rhubarb_Custard_Whirls_1024x450.png,https://thegreatbritishbakeoff.co.uk/wp-content/uploads/2016/08/GBBO8-Baker-Portrait-James-1045_l-100x100.jpg
Flo’s Gin Jam Butties,Flo,24 small or 15 large,Easy,1 hr,10 mins,"[<h5>For the biscuit dough:</h5>, <p>500g plain flour</p>, <p>200g icing sugar</p>, <p>good pinch of salt</p>, <p>250g unsalted butter, chilled and diced</p>, <p>3 egg yolks</p>, <p>2 tsp vanilla extract</p>, <p>1–2 tbsp whole milk, if necessary</p>]",https://thegreatbritishbakeoff.co.uk/wp-content/uploads/2019/09/Gin_Jams_1024x450.png,https://thegreatbritishbakeoff.co.uk/wp-content/uploads/2016/08/GBBO8-Baker-Portrait-Flo-1074_l-100x100.jpg
Chris’s Tropical Fresh Fruit Cake,Chris,16,Easy,1 hr 45 mins,35 mins,"[<h5>For the sponge:</h5>, <p>225g mango (about 2 large fruit), stoned and finely chopped</p>, <p>175g pineapple (about 1 pineapple), cored and chopped</p>, <p>340g white caster sugar</p>, <p>40g golden caster sugar</p>, <p>finely grated zest of 1 unwaxed lemon</p>, <p>finely grated zest of 1 unwaxed lime</p>, <p>2 eggs</p>, <p>380g self-raising flour</p>, <p>1½ tsp baking powder</p>, <p>2 tbsp limoncello liqueur</p>]",https://thegreatbritishbakeoff.co.uk/wp-content/uploads/2019/09/Tropical-Cake-1024x450.png,https://thegreatbritishbakeoff.co.uk/wp-content/uploads/2016/08/GBBO8-Baker-Portrait-Chris-1105_l-100x100.jpg
Sophie’s Pineapple & Coconut Sandwich Cake,Sophie,12,Needs skill,1 hr 30 mins,1 hr 30 mins,"[<h5>For the sponge:</h5>, <p>100g pack fresh coconut chunks</p>, <p>1 pineapple, topped, tailed and peeled</p>, <p>170g cake margarine, or softened unsalted butter</p>, <p>225g caster sugar</p>, <p>5 eggs, beaten</p>, <p>240g self-raising flour</p>, <p>2 tbsp coconut flakes, toasted, to decorate</p>]",https://thegreatbritishbakeoff.co.uk/wp-content/uploads/2019/09/Coconut-Pineapple-Sandwich-1024x450.png,https://thegreatbritishbakeoff.co.uk/wp-content/uploads/2016/08/GBBO8-Baker-Portrait-Sophie-1162_l-100x100.jpg
"Liam’s Apple, Almond & Maple Crumble Loaf",Liam,10–12,Easy,30 mins,1 hr 20 mins,"[<h5>For the sponge:</h5>, <p>1 Bramley apple (about 325g), peeled, cored and chopped into 1cm chunks</p>, <p>1 large Granny Smith or tart dessert apple (about 155g), peeled, cored and chopped into 1cm chunks</p>, <p>250g self-raising flour</p>, <p>140g unsalted butter, softened</p>, <p>70g golden caster sugar</p>, <p>70g light muscovado sugar</p>, <p>3 eggs</p>, <p>1 tsp vanilla extract</p>, <p>1 tsp ground cinnamon</p>, <p>few gratings nutmeg or a little ground nutmeg</p>, <p>3 tbsp whole milk</p>, <p>2 tbsp maple syrup</p>]",https://thegreatbritishbakeoff.co.uk/wp-content/uploads/2019/09/Crumble-Loaf-Cake-1024x450.png,https://thegreatbritishbakeoff.co.uk/wp-content/uploads/2016/08/GBBO8-Baker-Portrait-Liam-959_l-100x100.jpg
Peter’s Coconut Cake,Peter,12,Easy,40 mins,50 mins,"[<h5>For the sponge:</h5>, <p>1 whole fresh coconut</p>, <p>250g plain flour</p>, <p>50g coconut flour</p>, <p>5 tsp baking powder</p>, <p>½ tsp salt</p>, <p>220g cake margarine</p>, <p>300g coconut palm sugar</p>, <p>4 eggs, beaten</p>, <p>1½ tsp vanilla extract</p>, <p>200ml coconut milk</p>, <p>2 tbsp demerara sugar, for sprinkling</p>, <p>20g desiccated coconut, toasted, to decorate</p>]",https://thegreatbritishbakeoff.co.uk/wp-content/uploads/2019/09/Coconut-Cake-1024x450.png,https://thegreatbritishbakeoff.co.uk/wp-content/uploads/2016/08/GBBO8-Baker-Portrait-Peter-1016_l-100x100.jpg
Tom’s Gilded Pear & Cardamom Cake,Tom,16,Easy,1 hr,55 mins,"[<h5>For the sponge:</h5>, <p>6 pears, peeled, cored and cut into 3mm-thick slices</p>, <p>250g fresh or frozen blackcurrants</p>, <p>250g blueberries, plus extra to decorate</p>, <p>200g blackberries, plus extra to decorate</p>, <p>500g self-raising flour</p>, <p>500g unsalted butter, softened</p>, <p>435g caster sugar</p>, <p>10 eggs, lightly beaten</p>, <p>2 tsp ground cinnamon</p>, <p>2 tsp finely ground green cardamom (about 20 pods)</p>, <p>2 tsp baking powder</p>, <p>1 tsp lemon juice</p>, <p>1 small pear, to decorate</p>, <p>1 sheet of edible gold leaf</p>]",https://thegreatbritishbakeoff.co.uk/wp-content/uploads/2019/09/Guilded-Pear-1024x450-3.png,https://thegreatbritishbakeoff.co.uk/wp-content/uploads/2016/08/GBBO8-Baker-Portrait-Tom-890_l-100x100.jpg
Walnut & Stilton Soda Bread,Tom,2 loaves,Easy,1 hr,55 mins,"[<p>200g Stilton</p>, <p>150g walnut pieces</p>, <p>100g sultanas</p>, <p>600g plain white flour</p>, <p>400g plain wholemeal flour, plus extra for dusting</p>, <p>2 tsp bicarbonate of soda</p>, <p>2 tsp salt</p>, <p>about 800ml buttermilk</p>]",https://thegreatbritishbakeoff.co.uk/wp-content/uploads/2019/12/Recipe_Card_C_1024_1-1024x450.png,https://thegreatbritishbakeoff.co.uk/wp-content/uploads/2016/08/GBBO8-Baker-Portrait-Tom-890_l-100x100.jpg
Zingy Citrus Madeira Cake,Tom,8,Easy,1 hr,55 mins,"[<h5>For the cake mixture:</h5>, <p>150g unsalted butter, softened</p>, <p>150g caster sugar</p>, <p>4 medium eggs, at room temperature, beaten to mix</p>, <p>200g self-raising flour</p>, <p>pinch of salt</p>, <p>finely grated zest of 2 medium oranges</p>, <p>finely grated zest of 1 large unwaxed lemon</p>]",https://thegreatbritishbakeoff.co.uk/wp-content/uploads/2019/12/Recipe_Card_C_1024_1-1024x450.png,https://thegreatbritishbakeoff.co.uk/wp-content/uploads/2016/08/GBBO8-Baker-Portrait-Tom-890_l-100x100.jpg
